{
    "zh-Hant": "繁體中文",
    "zh-TW": "繁體中文 (台灣)",
    "zh-HK": "繁體中文 (香港)",
    "zh-Hans": "簡體中文",
    "zh-CN": "簡體中文 (中國)",
    "en": "英文 (通用)",
    "en-US": "英文 (美國)",
    "en-GB": "英文 (英國)",
    "en-orig": "英文 (原聲)",
    "ja": "日文 ",
    "ko": "韓文 ",
    "es": "西班牙文 ",
    "fr": "法文 ",
    "de": "德文 ",
    "it": "義大利文 ",
    "ru": "俄文 ",
    "pt": "葡萄牙文 (巴西)",
    "pt-PT": "葡萄牙文 (葡萄牙)",
    "vi": "越南文 ",
    "th": "泰文 ",
    "id": "印尼文 ",
    "ms": "馬來文 ",
    "hi": "印地文 ",
    "ar": "阿拉伯文 ",
    "tr": "土耳其文 ",
    "aa": "阿法爾文",
    "ab": "阿布哈茲文",
    "af": "南非荷蘭文",
    "ak": "阿肯文",
    "am": "阿姆哈拉文",
    "as": "阿薩姆文",
    "ay": "艾馬拉文",
    "az": "亞塞拜然文",
    "ba": "巴什基爾文",
    "be": "白俄羅斯文",
    "bg": "保加利亞文",
    "bho": "柏治普里文",
    "bn": "孟加拉文",
    "bo": "藏文",
    "br": "布列塔尼文",
    "bs": "波士尼亞文",
    "ca": "加泰隆尼亞文",
    "ceb": "宿霧文",
    "co": "科西嘉文",
    "crs": "塞席爾克里奧文",
    "cs": "捷克文",
    "cy": "威爾斯文",
    "da": "丹麥文",
    "dv": "迪維希文",
    "dz": "宗卡文",
    "ee": "埃維文",
    "el": "希臘文",
    "eo": "世界語",
    "et": "愛沙尼亞文",
    "eu": "巴斯克文",
    "fa": "波斯文",
    "fi": "芬蘭文",
    "fil": "菲律賓文",
    "fj": "斐濟文",
    "fo": "法羅文",
    "fy": "西弗里斯蘭文",
    "ga": "愛爾蘭文",
    "gaa": "加文",
    "gd": "蘇格蘭蓋爾文",
    "gl": "加利西亞文",
    "gn": "瓜拉尼文",
    "gu": "古吉拉特文",
    "gv": "曼島文",
    "ha": "豪薩文",
    "haw": "夏威夷文",
    "hmn": "苗文",
    "hr": "克羅埃西亞文",
    "ht": "海地克里奧文",
    "hu": "匈牙利文",
    "hy": "亞美尼亞文",
    "ig": "伊博文",
    "is": "冰島文",
    "iu": "因紐特文",
    "iw": "希伯來文",
    "he": "希伯來文",
    "jv": "爪哇文",
    "ka": "喬治亞文",
    "kha": "卡西文",
    "kk": "哈薩克文",
    "kl": "格陵蘭文",
    "km": "高棉文",
    "kn": "卡納達文",
    "kri": "克里奧文",
    "ku": "庫德文",
    "ky": "吉爾吉斯文",
    "la": "拉丁文",
    "lb": "盧森堡文",
    "lg": "盧干達文",
    "ln": "林加拉文",
    "lo": "寮文",
    "lt": "立陶宛文",
    "lua": "盧巴文",
    "luo": "盧奧文",
    "lv": "拉脫維亞文",
    "mfe": "模里西斯克里奧文",
    "mg": "馬達加斯加文",
    "mi": "毛利文",
    "mk": "馬其頓文",
    "ml": "馬拉雅拉姆文",
    "mn": "蒙古文",
    "mr": "馬拉地文",
    "mt": "馬爾他文",
    "my": "緬甸文",
    "ne": "尼泊爾文",
    "new": "尼瓦爾文",
    "nl": "荷蘭文",
    "no": "挪威文",
    "nso": "北索托文",
    "ny": "齊切瓦文",
    "oc": "奧克文",
    "om": "奧羅莫文",
    "or": "奧里亞文",
    "os": "奧塞提亞文",
    "pa": "旁遮普文",
    "pam": "邦板牙文",
    "pl": "波蘭文",
    "ps": "普什圖文",
    "qu": "奇楚瓦文",
    "rn": "隆迪文",
    "ro": "羅馬尼亞文",
    "rw": "盧安達文",
    "sa": "梵文",
    "sd": "信德文",
    "sg": "桑戈文",
    "si": "僧伽羅文",
    "sk": "斯洛伐克文",
    "sl": "斯洛維尼亞文",
    "sm": "薩摩亞文",
    "sn": "紹納文",
    "so": "索馬利文",
    "sq": "阿爾巴尼亞文",
    "sr": "塞爾維亞文",
    "ss": "史瓦帝文",
    "st": "南索托文",
    "su": "巽他文",
    "sv": "瑞典文",
    "sw": "斯瓦希里文",
    "ta": "坦米爾文",
    "te": "泰盧固文",
    "tg": "塔吉克文",
    "ti": "提格利尼亞文",
    "tk": "土庫曼文",
    "tn": "茲瓦納文",
    "to": "東加文",
    "ts": "聰加文",
    "tt": "韃靼文",
    "tum": "湯布卡文",
    "ug": "維吾爾文",
    "uk": "烏克蘭文",
    "ur": "烏爾都文",
    "uz": "烏茲別克文",
    "ve": "溫達文",
    "war": "瓦瑞文",
    "wo": "沃爾夫文",
    "xh": "科薩文",
    "yi": "意第緒文",
    "yo": "約魯巴文",
    "zu": "祖魯文",
    "未定義": "待擴充語言"
}